antecedents_str,support,confidence,lift,leverage,conviction
SSLfinal_State=-1 AND URL_of_Anchor=-1,0.18602540834845735,1.0,2.2512768130745657,0.10339433993959177,inf
Links_pointing_to_page=0 AND URL_of_Anchor=-1,0.16901088929219601,1.0,2.2512768130745657,0.09393754055487301,inf
Request_URL=-1 AND URL_of_Anchor=-1,0.16855716878402904,1.0,2.2512768130745657,0.09368535923794717,inf
URL_of_Anchor=-1 AND having_Sub_Domain=0,0.14745916515426497,1.0,2.2512768130745657,0.08195892800089591,inf
Domain_registeration_length=1 AND URL_of_Anchor=-1,0.13373411978221417,1.0,2.2512768130745657,0.07433044316388945,inf
URL_of_Anchor=-1 AND web_traffic=0,0.09528130671506352,1.0,2.2512768130745657,0.05295807655442505,inf
SSLfinal_State=0 AND URL_of_Anchor=-1,0.0911978221415608,1.0,2.2512768130745657,0.05068844470209255,inf
URL_of_Anchor=-1 AND age_of_domain=-1,0.15324410163339383,0.9977843426883308,2.2462887551430857,0.08502308539826943,250.85450695704282
Links_in_tags=-1 AND URL_of_Anchor=-1,0.12057622504537205,0.9953183520599251,2.240737127620097,0.06676526098398886,118.72050816697026
Prefix_Suffix=-1 AND URL_of_Anchor=-1,0.2967332123411978,0.9942987457240592,2.238441711517698,0.16417080930234088,97.48865698729398
URL_of_Anchor=-1 AND web_traffic=-1,0.12726860254083486,0.9920424403183024,2.233362143474503,0.07028339621740376,69.84649122806988
Iframe=1 AND URL_of_Anchor=-1,0.26156987295825773,0.9905498281786943,2.2300018603736897,0.14427406365591683,58.81455205411738
URL_Length=-1 AND URL_of_Anchor=-1,0.23593466424682397,0.9904761904761905,2.2298360815214746,0.1301265888452278,58.359800362976614
URL_of_Anchor=-1 AND having_IP_Address=-1,0.12636116152450091,0.9902222222222223,2.2292643286800593,0.06967826398793153,56.84396139251015
DNSRecord=-1 AND URL_of_Anchor=-1,0.11331669691470055,0.9900891972249752,2.2289648525881973,0.0624784359241241,56.08098911070788
URL_of_Anchor=-1 AND on_mouseover=1,0.246483666061706,0.9899772209567198,2.2287127630118593,0.13588903486813286,55.45444233624808
URL_of_Anchor=-1 AND port=1,0.24001814882032668,0.9897100093545369,2.2281111957276805,0.13229545110193972,54.01439531430431
Submitting_to_email=1 AND URL_of_Anchor=-1,0.22878856624319419,0.9892103972535556,2.2269864305892098,0.12605396350802534,51.51326101303403
Favicon=1 AND URL_of_Anchor=-1,0.2266333938294011,0.9891089108910891,2.226757956694546,0.12485610225262762,51.03324533905292
URL_of_Anchor=-1 AND popUpWidnow=1,0.22311705989110708,0.9889391654097537,2.2263758126282913,0.12290169704645242,50.25006187097856
URL_of_Anchor=-1,0.2967332123411978,0.9886621315192743,2.225752132654219,0.1634150373351866,49.02223230489981
SFH=-1 AND URL_of_Anchor=-1,0.2503402903811252,0.9883564711150918,2.225064006473608,0.1378310368707613,47.73532388663982
URL_of_Anchor=-1 AND having_At_Symbol=1,0.23559437386569873,0.9881065651760228,2.2245013990275324,0.12968552886848198,46.73230490018135
RightClick=1 AND URL_of_Anchor=-1,0.2789246823956443,0.9879469666532743,2.224142098573868,0.15351692064584765,46.11350574712605
DNSRecord=1 AND URL_of_Anchor=-1,0.18341651542649728,0.9877825290164937,2.2237719039349866,0.10093660141106256,45.49285390199665
Statistical_report=1 AND URL_of_Anchor=-1,0.23457350272232305,0.9875835721107927,2.223323996866381,0.1290677361075886,44.763890827865374
Page_Rank=-1 AND URL_of_Anchor=-1,0.24296733212341198,0.9875518672199171,2.2232526203806917,0.13368270567290622,44.64987900786465
URL_of_Anchor=-1 AND having_IP_Address=1,0.1703720508166969,0.987508218277449,2.223154354528598,0.0937367733472551,44.493862833126016
Redirect=0 AND URL_of_Anchor=-1,0.2604355716878403,0.9871023215821153,2.2222405687098896,0.14324053198111997,43.09361766485207
URL_of_Anchor=-1 AND double_slash_redirecting=1,0.25567150635208713,0.9868651488616463,2.2217066272636044,0.14059262815339874,42.31548699334576
Shortining_Service=1 AND URL_of_Anchor=-1,0.2554446460980036,0.9868536371603855,2.2216807112374766,0.14046653749493576,42.278433151844865
SSLfinal_State=0 AND URL_Length=-1,0.08484573502722323,0.9868073878627968,2.221576591266194,0.04665405828702804,42.130217785843676
Abnormal_URL=1 AND URL_of_Anchor=-1,0.25226860254083483,0.9866903283052351,2.2213130577985067,0.13870126827645493,41.759679370840665
Google_Index=1 AND URL_of_Anchor=-1,0.24931941923774956,0.9865350089766607,2.2209633909954647,0.13706208971643702,41.27797943133698
HTTPS_token=1 AND URL_of_Anchor=-1,0.24591651542649728,0.9863512283894449,2.220549650020773,0.1351707298394933,40.72217180883224
URL_of_Anchor=-1 AND having_Sub_Domain=-1,0.11172867513611615,0.985,2.2175076608784474,0.061343877325832255,37.05384150030245
Links_in_tags=0 AND URL_of_Anchor=-1,0.11932849364791288,0.9840972871842844,2.2154754044475613,0.0654671447887194,34.95049108572643
Page_Rank=-1 AND SSLfinal_State=0,0.09221869328493648,0.9818840579710145,2.2104928128377077,0.050500080698021414,30.680580762250504
SSLfinal_State=0 AND age_of_domain=1,0.08212341197822141,0.979702300405954,2.205581072619737,0.04488904639642162,27.382788868723495
Domain_registeration_length=-1 AND URL_of_Anchor=-1,0.16299909255898368,0.9795501022494889,2.2052384324390943,0.08908459417129722,27.178992740472076
URL_of_Anchor=-1 AND age_of_domain=1,0.14348911070780399,0.9791021671826625,2.2042300066093854,0.0783919519369172,26.59642401021709
SSLfinal_State=0,0.10798548094373865,0.9784172661870503,2.2026881048787117,0.05896107267433242,25.75241984271012
Prefix_Suffix=-1 AND SSLfinal_State=0,0.10798548094373865,0.9784172661870503,2.2026881048787117,0.05896107267433242,25.75241984271012
Links_pointing_to_page=1 AND URL_of_Anchor=-1,0.11762704174228675,0.9783018867924528,2.2024283539229477,0.06421915606338582,25.61548173281774
SSLfinal_State=0 AND having_At_Symbol=1,0.08643375680580763,0.9781771501925547,2.2021475373078556,0.047183999311596475,25.46906693711983
RightClick=1 AND SSLfinal_State=0,0.10322141560798548,0.9774436090225563,2.2004961330804025,0.056313168846611174,24.640804597701088
Iframe=1 AND SSLfinal_State=0,0.10072595281306715,0.9768976897689768,2.199267117723008,0.054926171603519085,24.058529945553477
SSLfinal_State=0 AND Statistical_report=1,0.0882486388384755,0.9761606022584692,2.1976077297013954,0.048091954983679235,23.31466711242714
Redirect=0 AND SSLfinal_State=0,0.09516787658802178,0.9755813953488373,2.1963037746157683,0.05183695047117764,22.761645493042995
Abnormal_URL=1 AND SSLfinal_State=0,0.09380671506352087,0.9752358490566038,2.1955258542602194,0.05108040652040013,22.444041137326067
SSLfinal_State=0 AND double_slash_redirecting=1,0.09357985480943738,0.9751773049645389,2.195394055303211,0.05095431586193721,22.391107078039845
SSLfinal_State=0 AND Shortining_Service=1,0.09323956442831216,0.9750889679715302,2.1951951842791138,0.05076517987424284,22.31170598911068
SSLfinal_State=0 AND on_mouseover=1,0.0925589836660617,0.974910394265233,2.194793165434702,0.05038690789885408,22.152903811252255
HTTPS_token=1 AND SSLfinal_State=0,0.0911978221415608,0.9745454545454546,2.193971585105395,0.04963036394807659,21.835299455535438
SFH=-1 AND SSLfinal_State=0,0.09051724137931035,0.9743589743589743,2.1935517665854745,0.04925209197268783,21.676497277676933
Request_URL=1 AND URL_of_Anchor=-1,0.12817604355716877,0.9741379310344828,2.1930541368743617,0.06972967809723946,21.491228070175442
Google_Index=1 AND SSLfinal_State=0,0.08915607985480943,0.9739776951672862,2.192693401581919,0.04849554802191033,21.358892921960003
SSLfinal_State=0 AND port=1,0.08711433756805807,0.973384030418251,2.191356897897676,0.04736073209574408,20.88248638838475
Favicon=1 AND SSLfinal_State=0,0.0852994555353902,0.9728331177231565,2.1901166409211816,0.04635200682804075,20.45901391409556
SSLfinal_State=0 AND popUpWidnow=1,0.08405172413793104,0.9724409448818897,2.18923375129692,0.045658508206494704,20.167876588021734
SSLfinal_State=0 AND Submitting_to_email=1,0.08189655172413793,0.971736204576043,2.1876471857871285,0.04446064695109699,19.665003024803365
SSLfinal_State=-1 AND web_traffic=-1,0.09641560798548095,0.9507829977628636,2.1404757171290614,0.051371598743087145,11.29300032997856
Links_in_tags=-1 AND SSLfinal_State=-1,0.13407441016333937,0.9373513084853291,2.110237266498126,0.07053918012457139,8.871815341496474
SSLfinal_State=-1 AND having_Sub_Domain=-1,0.12148366606170599,0.9361888111888111,2.107620163289213,0.06384345736674121,8.710190686920413
Request_URL=-1 AND SSLfinal_State=-1,0.15142921960072595,0.9219613259668508,2.075590155700653,0.07847203237143487,7.122207410500613
Domain_registeration_length=1 AND SSLfinal_State=-1,0.12897005444646098,0.9199029126213591,2.070956097464224,0.06669444435295008,6.939173953693003
having_Sub_Domain=0 AND web_traffic=-1,0.08359800362976406,0.9098765432098765,2.0483839644888335,0.04278631740343411,6.16718046888596
SSLfinal_State=-1 AND age_of_domain=-1,0.17967332123411978,0.9061784897025171,2.040058622374206,0.09160069466174353,5.924095878889822
Links_pointing_to_page=0 AND SSLfinal_State=-1,0.16107078039927405,0.9015873015873016,2.0297225870259576,0.08171472384807692,5.647722615771911
Prefix_Suffix=-1 AND SSLfinal_State=-1,0.27506805807622503,0.8882783882783882,1.9997605390863815,0.13751756005415,4.9749338014340525
SSLfinal_State=-1 AND having_IP_Address=-1,0.10877949183303086,0.8863216266173752,1.9953553269302298,0.05426314060230369,4.889299573576498
SSLfinal_State=-1 AND web_traffic=0,0.08257713248638839,0.8834951456310679,1.98899213582316,0.04106005909071445,4.770682093163942
DNSRecord=-1 AND SSLfinal_State=-1,0.09528130671506352,0.8795811518324607,1.9801806523378378,0.0471638248062424,4.61561982166811
SFH=-1 AND SSLfinal_State=-1,0.2346869328493648,0.8766949152542373,1.9736829348522358,0.1157788100170948,4.507580718593497
SSLfinal_State=-1 AND URL_Length=-1,0.2328720508166969,0.8725031874203144,1.964246195173006,0.1143166215690989,4.359384452510584
HTTPS_token=1 AND SSLfinal_State=-1,0.23480036297640652,0.8679245283018867,1.9539383660647174,0.11463262019887943,4.208257713248636
SSLfinal_State=-1 AND Shortining_Service=1,0.24795825771324864,0.8667724028548771,1.9513446127601115,0.12088779763571267,4.171865547489414
SSLfinal_State=-1 AND double_slash_redirecting=1,0.24421506352087113,0.8650060265166732,1.9473680106667495,0.11880730177107451,4.117277298850571
Abnormal_URL=1 AND SSLfinal_State=-1,0.24081215970961886,0.8633590890605937,1.9436602985592935,0.11691594189413076,4.06765161826981
SSLfinal_State=-1,0.27506805807622503,0.8629893238434163,1.9428278546995807,0.1334867762293273,4.056673816201945
SSLfinal_State=-1 AND having_Sub_Domain=0,0.11445099818511796,0.8601875532821824,1.93652029359952,0.055349630353654956,3.975380129255013
Redirect=0 AND SSLfinal_State=-1,0.23945099818511797,0.8591778591778592,1.934247192674159,0.11565554996525045,3.9468766719469586
RightClick=1 AND SSLfinal_State=-1,0.2595281306715064,0.8582145536384096,1.9320785252492898,0.1252022597092895,3.920061168246286
Iframe=1 AND SSLfinal_State=-1,0.2448956442831216,0.8560666137985726,1.9272429180919857,0.11782518420558563,3.861561498502599
DNSRecord=1 AND SSLfinal_State=-1,0.1797867513611615,0.8544474393530997,1.9235977082065698,0.0863229514230849,3.8186042212811726
SSLfinal_State=-1 AND port=1,0.2325317604355717,0.85381091211995,1.922164709205689,0.11155786089308005,3.801977497531035
SSLfinal_State=-1 AND having_At_Symbol=1,0.227994555353902,0.8527789563003819,1.9198414909969783,0.10923758691506288,3.7753272802397544
Page_Rank=-1 AND SSLfinal_State=-1,0.21018602540834846,0.8527381500230097,1.9197496247709023,0.10069985976660156,3.7742811365698734
SSLfinal_State=-1 AND popUpWidnow=1,0.22118874773139746,0.8526453869698296,1.919540789460168,0.10595871513927821,3.7719051414477085
SSLfinal_State=-1 AND on_mouseover=1,0.23627495462794917,0.8519427402862985,1.9179589372737504,0.11308412398180505,3.75400452216462
Google_Index=1 AND SSLfinal_State=-1,0.22379764065335753,0.8518998272884283,1.9178623282366658,0.10710644892474003,3.752916774695358
Favicon=1 AND SSLfinal_State=-1,0.22300362976406535,0.8514508445214379,1.9168515437438705,0.10666513162011984,3.741573761991187
SSLfinal_State=-1 AND Submitting_to_email=1,0.2207350272232305,0.8501529051987767,1.9139295230419855,0.10540422503549066,3.709165154264972
SSLfinal_State=-1 AND Statistical_report=1,0.22470508166969147,0.8491213030432918,1.9116071010290245,0.10715734837829914,3.6838044980201263
SSLfinal_State=-1 AND having_IP_Address=1,0.16628856624319419,0.8483796296296297,1.909937388869973,0.07922363562702361,3.6657846247627495
Links_in_tags=0 AND SSLfinal_State=-1,0.1022005444646098,0.8250915750915752,1.857509531666835,0.04718034525577979,3.1777064071987167
Domain_registeration_length=-1 AND SSLfinal_State=-1,0.14609800362976408,0.818297331639136,1.842213808919975,0.06679233187637723,3.058885307070425
Links_pointing_to_page=1 AND SSLfinal_State=-1,0.10367513611615245,0.8110026619343389,1.8257914881545279,0.0468914689839625,2.9408224909042873
age_of_domain=-1 AND web_traffic=-1,0.095508166969147,0.8096153846153846,1.822668342893062,0.043107977246451754,2.9193935727511047
Request_URL=-1 AND web_traffic=0,0.08269056261343012,0.8019801980198019,1.8054794243469288,0.03689078140388206,2.8068284936479118
Request_URL=1 AND SSLfinal_State=-1,0.1236388384754991,0.8002936857562409,1.8016826183930081,0.05501474385789244,2.7831249332763974
