having_IP_Address,URL_Length,Shortining_Service,having_At_Symbol,double_slash_redirecting,Prefix_Suffix,having_Sub_Domain,HTTPS_token,source,url
1,1,1,1,1,1,1,1,legit_2026,https://www.google.com/
1,1,1,1,1,1,1,1,legit_2026,https://www.wikipedia.org/
1,1,1,1,1,1,1,1,legit_2026,https://github.com/
1,1,1,1,1,1,1,1,legit_2026,https://www.apple.com/
1,1,1,1,1,1,1,1,legit_2026,https://www.microsoft.com/
1,1,1,1,1,1,1,1,legit_2026,https://www.amazon.com/
1,1,1,1,1,1,1,1,legit_2026,https://www.nytimes.com/
1,1,1,1,1,1,1,1,legit_2026,https://www.bbc.com/
1,1,1,1,1,1,1,1,legit_2026,https://www.mozilla.org/
1,1,1,1,1,1,1,1,legit_2026,https://www.cloudflare.com/
1,1,1,1,1,1,1,1,legit_2026,https://stackoverflow.com/
1,1,1,1,1,1,1,1,legit_2026,https://www.reddit.com/
1,1,1,1,1,1,1,1,legit_2026,https://www.linkedin.com/
1,1,1,1,1,1,1,1,legit_2026,https://www.youtube.com/
1,1,1,1,1,1,1,1,legit_2026,https://www.instagram.com/
1,1,1,1,1,1,1,1,legit_2026,https://www.netflix.com/
1,1,1,1,1,1,1,1,legit_2026,https://www.adobe.com/
1,1,1,1,1,1,1,1,legit_2026,https://www.ibm.com/
1,1,1,1,1,1,1,1,legit_2026,https://www.oracle.com/
1,1,1,1,1,1,1,1,legit_2026,https://www.salesforce.com/
-1,1,1,1,1,1,1,1,synthetic_phish,http://192.168.1.10/login
1,1,-1,1,1,1,1,1,synthetic_phish,http://bit.ly/abc123
1,1,1,1,1,-1,1,1,synthetic_phish,http://paypal-secure-login.com/confirm
1,1,1,-1,1,1,0,1,synthetic_phish,http://www.bank.com@evil.example/steal
1,1,1,1,1,-1,0,-1,synthetic_phish,http://https-www-paypal-it.soft-hair.com/
1,1,1,1,1,1,-1,1,synthetic_phish,http://login.secure.update.paypal.example.com/session
1,1,1,1,-1,1,1,1,synthetic_phish,http://example.com//http://phishing.example/drop
1,1,-1,1,1,1,1,1,synthetic_phish,http://tinyurl.com/r4nd0m
1,-1,1,1,1,-1,1,1,synthetic_phish,http://confirm-account-appleid.com/webapps/mpp/home?dispatch=aaaaaaaaaaaaaaaaaaaaaaaaaaaaaaaaaaaaaaaaaaaaaaaaaaaaaaaaaaaaaaaaaaaaaaaaaaaaaaaa
-1,1,1,1,1,1,-1,1,synthetic_phish,http://0x58.0xCC.0xCA.0x62/2/paypal.ca/index.html
